ID,NAME,EMAIL,CREATED_AT
1,USER_1,user1@test.com,2026-07-17T17:51:11
2,USER_2,user2@test.com,2026-07-17T17:51:11
3,USER_3,user3@test.com,2026-07-17T17:51:11
4,USER_4,user4@test.com,2026-07-17T17:51:11
5,USER_5,user5@test.com,2026-07-17T17:51:11
6,USER_6,user6@test.com,2026-07-17T17:51:11
7,USER_7,user7@test.com,2026-07-17T17:51:11
8,USER_8,user8@test.com,2026-07-17T17:51:11
9,USER_9,user9@test.com,2026-07-17T17:51:11
10,USER_10,user10@test.com,2026-07-17T17:51:11
11,USER_11,user11@test.com,2026-07-17T17:51:11
12,USER_12,user12@test.com,2026-07-17T17:51:11
13,USER_13,user13@test.com,2026-07-17T17:51:11
14,USER_14,user14@test.com,2026-07-17T17:51:11
15,USER_15,user15@test.com,2026-07-17T17:51:11
16,USER_16,user16@test.com,2026-07-17T17:51:11
17,USER_17,user17@test.com,2026-07-17T17:51:11
18,USER_18,user18@test.com,2026-07-17T17:51:11
19,USER_19,user19@test.com,2026-07-17T17:51:11
20,USER_20,user20@test.com,2026-07-17T17:51:11
21,USER_21,user21@test.com,2026-07-17T17:51:11
22,USER_22,user22@test.com,2026-07-17T17:51:11
23,USER_23,user23@test.com,2026-07-17T17:51:11
24,USER_24,user24@test.com,2026-07-17T17:51:11
25,USER_25,user25@test.com,2026-07-17T17:51:11
26,USER_26,user26@test.com,2026-07-17T17:51:11
27,USER_27,user27@test.com,2026-07-17T17:51:11
28,USER_28,user28@test.com,2026-07-17T17:51:11
29,USER_29,user29@test.com,2026-07-17T17:51:11
30,USER_30,user30@test.com,2026-07-17T17:51:11
31,USER_31,user31@test.com,2026-07-17T17:51:11
32,USER_32,user32@test.com,2026-07-17T17:51:11
33,USER_33,user33@test.com,2026-07-17T17:51:11
34,USER_34,user34@test.com,2026-07-17T17:51:11
35,USER_35,user35@test.com,2026-07-17T17:51:11
36,USER_36,user36@test.com,2026-07-17T17:51:11
37,USER_37,user37@test.com,2026-07-17T17:51:11
38,USER_38,user38@test.com,2026-07-17T17:51:11
39,USER_39,user39@test.com,2026-07-17T17:51:11
40,USER_40,user40@test.com,2026-07-17T17:51:11
41,USER_41,user41@test.com,2026-07-17T17:51:11
42,USER_42,user42@test.com,2026-07-17T17:51:11
43,USER_43,user43@test.com,2026-07-17T17:51:11
44,USER_44,user44@test.com,2026-07-17T17:51:11
45,USER_45,user45@test.com,2026-07-17T17:51:11
46,USER_46,user46@test.com,2026-07-17T17:51:11
47,USER_47,user47@test.com,2026-07-17T17:51:11
48,USER_48,user48@test.com,2026-07-17T17:51:11
49,USER_49,user49@test.com,2026-07-17T17:51:11
50,USER_50,user50@test.com,2026-07-17T17:51:11
51,USER_51,user51@test.com,2026-07-17T17:51:11
52,USER_52,user52@test.com,2026-07-17T17:51:11
53,USER_53,user53@test.com,2026-07-17T17:51:11
54,USER_54,user54@test.com,2026-07-17T17:51:11
55,USER_55,user55@test.com,2026-07-17T17:51:11
56,USER_56,user56@test.com,2026-07-17T17:51:11
57,USER_57,user57@test.com,2026-07-17T17:51:11
58,USER_58,user58@test.com,2026-07-17T17:51:11
59,USER_59,user59@test.com,2026-07-17T17:51:11
60,USER_60,user60@test.com,2026-07-17T17:51:11
61,USER_61,user61@test.com,2026-07-17T17:51:11
62,USER_62,user62@test.com,2026-07-17T17:51:11
63,USER_63,user63@test.com,2026-07-17T17:51:11
64,USER_64,user64@test.com,2026-07-17T17:51:11
65,USER_65,user65@test.com,2026-07-17T17:51:11
66,USER_66,user66@test.com,2026-07-17T17:51:11
67,USER_67,user67@test.com,2026-07-17T17:51:11
68,USER_68,user68@test.com,2026-07-17T17:51:11
69,USER_69,user69@test.com,2026-07-17T17:51:11
70,USER_70,user70@test.com,2026-07-17T17:51:11
71,USER_71,user71@test.com,2026-07-17T17:51:11
72,USER_72,user72@test.com,2026-07-17T17:51:11
73,USER_73,user73@test.com,2026-07-17T17:51:11
74,USER_74,user74@test.com,2026-07-17T17:51:11
75,USER_75,user75@test.com,2026-07-17T17:51:11
76,USER_76,user76@test.com,2026-07-17T17:51:11
77,USER_77,user77@test.com,2026-07-17T17:51:11
78,USER_78,user78@test.com,2026-07-17T17:51:11
79,USER_79,user79@test.com,2026-07-17T17:51:11
80,USER_80,user80@test.com,2026-07-17T17:51:11
81,USER_81,user81@test.com,2026-07-17T17:51:11
82,USER_82,user82@test.com,2026-07-17T17:51:11
83,USER_83,user83@test.com,2026-07-17T17:51:11
84,USER_84,user84@test.com,2026-07-17T17:51:11
85,USER_85,user85@test.com,2026-07-17T17:51:11
86,USER_86,user86@test.com,2026-07-17T17:51:11
87,USER_87,user87@test.com,2026-07-17T17:51:11
88,USER_88,user88@test.com,2026-07-17T17:51:11
89,USER_89,user89@test.com,2026-07-17T17:51:11
90,USER_90,user90@test.com,2026-07-17T17:51:11
91,USER_91,user91@test.com,2026-07-17T17:51:11
92,USER_92,user92@test.com,2026-07-17T17:51:11
93,USER_93,user93@test.com,2026-07-17T17:51:11
94,USER_94,user94@test.com,2026-07-17T17:51:11
95,USER_95,user95@test.com,2026-07-17T17:51:11
96,USER_96,user96@test.com,2026-07-17T17:51:11
97,USER_97,user97@test.com,2026-07-17T17:51:11
98,USER_98,user98@test.com,2026-07-17T17:51:11
99,USER_99,user99@test.com,2026-07-17T17:51:11
100,USER_100,user100@test.com,2026-07-17T17:51:11
